participant_id, key_r
sub-04570,6033160934d30403d1e39b74
sub-04710,603316eb34d30403d1e3a042
sub-04800,603317bf88ea1a03aeee9ba9
sub-11310,603318c14ad52e03ba6e1dcb
sub-12599,603319fb4ad52e03c36e2970
sub-16053,60331b144ad52e03cc6e18bc
sub-17821,60331bd888ea1a03b2eea939
sub-19284,60331ca188ea1a03b8ee9532
sub-19774,60331d894ad52e03d16e18fd
sub-19943,60331e6788ea1a03bdee91c2
sub-19979,60331f2934d30403dae39f1e
sub-20094,60331ff94ad52e03c76e2c07
sub-20407,603320d034d30403c4e39fa3
sub-20408,603321a74ad52e03d06e2619
sub-20409,6033226534d30403d1e3c310
sub-20450,6033233334d30403dbe3b6db
sub-20462,603324024ad52e03cc6e304b
sub-20494,603324bd88ea1a03bdeeb07d
sub-20503,603325774ad52e03c36e2fc7
sub-20758,6033263934d30403dbe3c696
sub-20823,603326fe34d30403d7e3a998
sub-20824,603327d188ea1a03bceeb084
sub-20835,6033288e34d30403dae3c03c
sub-20847,6033293788ea1a03b7eea5a4
sub-20851,60332a034ad52e03cc6e3b81
sub-20859,60332abb4ad52e03d06e453b
sub-20860,60332b8788ea1a03b8eeb88e
sub-20861,60332c3e34d30403dae3cd51
sub-20862,60332d0134d30403d1e3c864
sub-20863,60332dc534d30403dbe3eee4
sub-20864,60332e9634d30403dbe3f309
sub-20866,60332f5588ea1a03bdeee653
sub-20892,6033301434d30403e4e39cbb
sub-20893,603330f14ad52e03d86e1fb0
sub-20907,603331ab34d30403e5e3a0e0
sub-20932,603332b74ad52e03d86e2917
sub-20946,603333dc88ea1a03bdeefd01
sub-20950,603334c834d30403e5e3abba
sub-20976,603335c934d30403e4e3b9c0
sub-20983,603336bf88ea1a03bdef0be2
sub-20984,603337be88ea1a03bdef10be
sub-21036,603338af4ad52e03de6e19d0
sub-21116,603339994ad52e03dd6e1bdd
sub-21124,60333a9f34d30403e4e3c9bc
sub-21126,60333b964ad52e03de6e2801
sub-21127,60333cab4ad52e03d86e4b6b
sub-21187,60333d634ad52e03dd6e2829
sub-21193,60333e0734d30403e4e3ce8e
sub-21215,60333ebd34d30403eee39c96
sub-21252,60333f7b34d30403eee39f17
sub-21253,6033402f4ad52e03dd6e31db
sub-21254,603340e44ad52e03dd6e3472
sub-21256,6033419f34d30403efe3add1
sub-21258,6033425788ea1a03b1eeaf0b
sub-21260,603343144ad52e03d76e3dba
sub-21261,603343c488ea1a03c4ee9272
sub-21262,6033446634d30403eee3af87
sub-21270,603345154ad52e03d06e6284
sub-21273,603345cc88ea1a03c3ee9671
sub-21277,6033468834d30403efe3c775
sub-21278,6033473c88ea1a03c4eea25b
sub-21279,603347ec34d30403eae3c2d0
sub-21281,6033489f34d30403efe3d21c
sub-21283,6033497634d30403f5e39a22
sub-21300,60334a3034d30403f5e39df7
sub-21302,60334adc4ad52e03d86e609a
sub-21304,60334b7b4ad52e03d76e42e1
sub-21305,60334c3934d30403f8e399c9
sub-21306,60334cf588ea1a03caee9383
sub-21317,60334dc588ea1a03c4eebc53
sub-21318,60334e7388ea1a03caee9735
sub-21324,60334f6034d3040400e3993e
sub-21371,603350214ad52e03f16e1930
sub-21384,603350f74ad52e03f46e1dc7
sub-21448,603351d634d3040400e3a63c
sub-21449,6033529d88ea1a03d2ee9d1a
sub-21452,6033535f88ea1a03d2eea0df
sub-21453,6033542c4ad52e03f46e28e9
sub-21456,603354ea34d3040400e3b62a
sub-21611,603355cb4ad52e03e96e25c6
sub-21641,603356a588ea1a03d2eeac32
sub-21644,603357794ad52e03fe6e1fdf
sub-21645,6033585b34d3040406e39f62
sub-21646,603359264ad52e03fe6e27c3
sub-21652,603359e188ea1a03d1eea840
sub-21656,60335a9734d304040ae3b8f4
sub-21657,60335b4e34d304040ae3bd5f
sub-21658,60335c0e4ad52e03fa6e24aa
